{
    "MMImageEditZoomTypeShrink_frame" : {"X" : 76, "Y" : 9, "W" : 20, "H" : 20},
    "MMImageEditZoomTypeShrink_hover" : "icons_outlined_shrink",
    "MMImageEditZoomTypeShrink_selected" : "icons_outlined_shrink",
    "MMImageEditZoomTypeShrink_pressed" : "icons_outlined_shrink_click",
    "MMImageEditZoomTypeShrink_normal" : "icons_outlined_shrink",
    "MMImageEditZoomTypeShrink_disabled" : "icons_outlined_shrink_disable",
    
    "MMImageEditZoomTypeMagnify_frame" : {"X" : 116, "Y" : 9, "W" : 20, "H" : 20},
    "MMImageEditZoomTypeMagnify_hover" : "icons_outlined_enlarge",
    "MMImageEditZoomTypeMagnify_selected" : "icons_outlined_enlarge",
    "MMImageEditZoomTypeMagnify_pressed" : "icons_outlined_enlarge_click",
    "MMImageEditZoomTypeMagnify_normal" : "icons_outlined_enlarge",
    "MMImageEditZoomTypeMagnify_disabled" : "icons_outlined_enlarge_disable",
    
    "MMImageEditToolbarSeperateLineStart_frame" : {"X" : 160, "Y" : 12, "W" : 1, "H" : 14},
    "MMImageEditToolbarSeperateLineStart" : "ImageEdit_ToolBar_Separate_Line",
    
    "MMImageEditGraphTypeArrow_frame" : {"X" : 185, "Y" : 9, "W" : 20, "H" : 20},
    "MMImageEditGraphTypeArrow_hover" : "icons_outlined_arrow",
    "MMImageEditGraphTypeArrow_selected" : "icons_outlined_arrowHl",
    "MMImageEditGraphTypeArrow_pressed" : "icons_outlined_arrow_click",
    "MMImageEditGraphTypeArrow_normal" : "icons_outlined_arrow",
    "MMImageEditGraphTypeArrow_disabled" : "icons_outlined_arrow_disable",
    
    "MMImageEditGraphTypeRoundRect_frame" : {"X" : 225, "Y" : 9, "W" : 20, "H" : 20},
    "MMImageEditGraphTypeRoundRect_hover" : "icons_outlined_square",
    "MMImageEditGraphTypeRoundRect_selected" : "icons_outlined_squareHl",
    "MMImageEditGraphTypeRoundRect_pressed" : "icons_outlined_square_click",
    "MMImageEditGraphTypeRoundRect_normal" : "icons_outlined_square",
    "MMImageEditGraphTypeRoundRect_disabled" : "icons_outlined_square_disable",
    
    "MMImageEditGraphTypeOval_frame" : {"X" : 265, "Y" : 9, "W" : 20, "H" : 20},
    "MMImageEditGraphTypeOval_hover" : "icons_outlined_round",
    "MMImageEditGraphTypeOval_selected" : "icons_outlined_roundHl",
    "MMImageEditGraphTypeOval_pressed" : "icons_outlined_round_click",
    "MMImageEditGraphTypeOval_normal" : "icons_outlined_round",
    "MMImageEditGraphTypeOval_disabled" : "icons_outlined_round_disable",
    
    "MMImageEditGraphTypeCurve_frame" : {"X" : 305, "Y" : 9, "W" : 20, "H" : 20},
    "MMImageEditGraphTypeCurve_hover" : "icons_outlined_pen",
    "MMImageEditGraphTypeCurve_selected" : "icons_outlined_penHl",
    "MMImageEditGraphTypeCurve_pressed" : "icons_outlined_pen_click",
    "MMImageEditGraphTypeCurve_normal" : "icons_outlined_pen",
    "MMImageEditGraphTypeCurve_disabled" : "icons_outlined_pen_disable",
    
    "MMImageEditToolbarSeperateLineMiddle_frame" : {"X" : 349, "Y" : 12, "W" : 1, "H" : 14},
    "MMImageEditToolbarSeperateLineMiddle" : "ImageEdit_ToolBar_Separate_Line",
    
    "MMImageEditGraphTypeMosaicPen_frame" : {"X" : 374, "Y" : 9, "W" : 20, "H" : 20},
    "MMImageEditGraphTypeMosaicPen_hover" : "Icons_Dark_mosaic",
    "MMImageEditGraphTypeMosaicPen_selected" : "Icons_Dark_mosaicHl",
    "MMImageEditGraphTypeMosaicPen_pressed" : "Icons_Dark_mosaic_click",
    "MMImageEditGraphTypeMosaicPen_normal" : "Icons_Dark_mosaic",
    "MMImageEditGraphTypeMosaicPen_disabled" : "Icons_Dark_mosaic_disable",
    
    "MMImageEditGraphTypeEmoticon_frame" : {"X" : 414, "Y" : 9, "W" : 20, "H" : 20},
    "MMImageEditGraphTypeEmoticon_hover" : "Icons_Dark_sticker",
    "MMImageEditGraphTypeEmoticon_selected" : "Icons_Dark_stickerHl",
    "MMImageEditGraphTypeEmoticon_pressed" : "Icons_Dark_sticker_click",
    "MMImageEditGraphTypeEmoticon_normal" : "Icons_Dark_sticker",
    "MMImageEditGraphTypeEmoticon_disabled" : "Icons_Dark_sticker_disable",
    
    "MMImageEditGraphTypeText_frame" : {"X" : 454, "Y" : 9, "W" : 20, "H" : 20},
    "MMImageEditGraphTypeText_hover" : "Icons_Dark_text",
    "MMImageEditGraphTypeText_selected" : "Icons_Dark_textHl",
    "MMImageEditGraphTypeText_pressed" : "Icons_Dark_text_click",
    "MMImageEditGraphTypeText_normal" : "Icons_Dark_text",
    "MMImageEditGraphTypeText_disabled" : "Icons_Dark_text_disable",
    
    "MMImageEditGraphTypeTailor_frame" : {"X" : 494, "Y" : 9, "W" : 20, "H" : 20},
    "MMImageEditGraphTypeTailor_hover" : "Icons_Dark_mask",
    "MMImageEditGraphTypeTailor_selected" : "Icons_Dark_maskHl",
    "MMImageEditGraphTypeTailor_pressed" : "Icons_Dark_mask_click",
    "MMImageEditGraphTypeTailor_normal" : "Icons_Dark_mask",
    "MMImageEditGraphTypeTailor_disabled" : "Icons_Dark_mask_disable",
    
    "MMImageEditToolbarSeperateLineEnd_frame" : {"X" : 538, "Y" : 12, "W" : 1, "H" : 14},
    "MMImageEditToolbarSeperateLineEnd" : "ImageEdit_ToolBar_Separate_Line",
    
    "MMImageEditToolbarFunctionButtonTypeUndo_frame" : {"X" : 563, "Y" : 9, "W" : 20, "H" : 20},
    "MMImageEditToolbarFunctionButtonTypeUndo_hover" : "Icons_Dark_previous",
    "MMImageEditToolbarFunctionButtonTypeUndo_selected" : "Icons_Dark_previous",
    "MMImageEditToolbarFunctionButtonTypeUndo_pressed" : "Icons_Dark_previous_click",
    "MMImageEditToolbarFunctionButtonTypeUndo_normal" : "Icons_Dark_previous",
    "MMImageEditToolbarFunctionButtonTypeUndo_disabled" : "Icons_Dark_previous_disable",
    
    "MMImageEditToolbarFunctionButtonTypeForward_frame" : {"X" :  625, "Y" : 8, "W" : 30, "H" : 30},
    "MMImageEditToolbarFunctionButtonTypeForward_hover" : "Photo_Edit_Forward",
    "MMImageEditToolbarFunctionButtonTypeForward_selected" : "Photo_Edit_ForwardClick",
    "MMImageEditToolbarFunctionButtonTypeForward_pressed" : "Photo_Edit_ForwardClick",
    "MMImageEditToolbarFunctionButtonTypeForward_normal" : "Photo_Edit_Forward",
    "MMImageEditToolbarFunctionButtonTypeForward_disabled" : "Photo_Edit_ForwardUnable",
    
    "MMImageEditToolbarFunctionButtonTypeDownload_frame" : {"X" : 667, "Y" : 8, "W" : 30, "H" : 30},
    "MMImageEditToolbarFunctionButtonTypeDownload_hover" : "Photo_Edit_Download",
    "MMImageEditToolbarFunctionButtonTypeDownload_selected" : "Photo_Edit_DownloadClick",
    "MMImageEditToolbarFunctionButtonTypeDownload_pressed" : "Photo_Edit_DownloadClick",
    "MMImageEditToolbarFunctionButtonTypeDownload_normal" : "Photo_Edit_Download",
    "MMImageEditToolbarFunctionButtonTypeDownload_disabled" : "Photo_Edit_DownloadUnable",
    
    "MMImageEditToolbarFunctionButtonTypeCancel_frame" : {"X" : 709, "Y" : 8, "W" : 30, "H" : 30},
    "MMImageEditToolbarFunctionButtonTypeCancel_hover" : "Photo_Edit_Close",
    "MMImageEditToolbarFunctionButtonTypeCancel_selected" : "Photo_Edit_CloseClick",
    "MMImageEditToolbarFunctionButtonTypeCancel_pressed" : "Photo_Edit_CloseClick",
    "MMImageEditToolbarFunctionButtonTypeCancel_normal" : "Photo_Edit_Close",
    "MMImageEditToolbarFunctionButtonTypeCancel_disabled" : "Photo_Edit_CloseClick",
    
    "MMImageEditToolbarFunctionButtonTypeOK_frame" : {"X" : 702, "Y" : 8, "W" : 30, "H" : 30},
    "MMImageEditToolbarFunctionButtonTypeOK_hover" : "Photo_Edit_Okay",
    "MMImageEditToolbarFunctionButtonTypeOK_selected" : "Photo_Edit_OkayClick",
    "MMImageEditToolbarFunctionButtonTypeOK_pressed" : "Photo_Edit_OkayClick",
    "MMImageEditToolbarFunctionButtonTypeOK_normal" : "Photo_Edit_Okay",
    "MMImageEditToolbarFunctionButtonTypeOK_disabled" : "Photo_Edit_OkayClick",
    
    "MMImageEditToolbarFunctionButtonTypeMore_frame" : {"X" : 665, "Y" : 9, "W" : 20, "H" : 20},
    
    "MMImageEditToolbarFunctionButtonTypeFinish_frame" : {"X" : 603, "Y" : 8, "W" : 50, "H" : 22},
    
    "MMImageEdit_BackgroundColor" : {"R": 255 , "G" : 255 , "B" : 255 , "A" : 0.8},
    
    "MMImageEditLineWidth3px_normal" : "Photo_Edit_PenSize_Small",
    "MMImageEditLineWidth3px_selected" : "Photo_Edit_PenSize_SmallHl",
    "MMImageEditLineWidth6px_normal" : "Photo_Edit_PenSize_Middle",
    "MMImageEditLineWidth6px_selected" : "Photo_Edit_PenSize_MiddleHl",
    "MMImageEditLineWidth9px_normal" : "Photo_Edit_PenSize_Big",
    "MMImageEditLineWidth9px_selected" : "Photo_Edit_PenSize_BigHl",
    
    "MMImageEditLineColorBorderColor" : {"Hex" : "#ffffff", "A" : 0.2},
    "MMImageEditFontSizeBorderColor" : {"Hex" : "#abadba", "A" : 0.2},
    "MMImageEditFontSize_FontColor" : {"Hex" : "#ffffff"},
    
    "MMImageEditMenu_BackgroundColor" : {"R": 255 , "G" : 255 , "B" : 255},
    "MMImageEditMenu_BorderColor" : {"Hex" : "#ffffff"},
    "MMImageEditMenu_HoverColor" : {"Hex" : "#4396ff"},
    
    "MMImageEditPullDownArrow" : "Photo_Edit_TextSize",
    
    "move_cursor" : "move_cursor",
    "resize_cursor_0" : "resize_cursor_0",
    "resize_cursor_45" : "resize_cursor_45",
    "resize_cursor_90" : "resize_cursor_90",
    "resize_cursor_135" : "resize_cursor_135",

    "ImageEdit_Rotate_Icon0" : "ImageEdit_Rotate_Icon0",
    "ImageEdit_Rotate_Icon45" : "ImageEdit_Rotate_Icon45",
    "ImageEdit_Rotate_Icon90" : "ImageEdit_Rotate_Icon90",
    "ImageEdit_Rotate_Icon135" : "ImageEdit_Rotate_Icon135",
    "ImageEdit_Rotate_Icon180" : "ImageEdit_Rotate_Icon180",
    "ImageEdit_Rotate_Icon225" : "ImageEdit_Rotate_Icon225",
    "ImageEdit_Rotate_Icon270" : "ImageEdit_Rotate_Icon270",
    "ImageEdit_Rotate_Icon315" : "ImageEdit_Rotate_Icon315",

    "sightingTelescopeCursor" : "sightingTelescopeCursor",
    
    "MMImageEditLineWidthViewSize" : {"W" : 76, "H" : 38},
    "MMImageEditLineWidthViewMargin" :  {"L" : 12},
    "MMImageEditLineWidthButton1Frame" : {"X" : 0, "Y" : 12, "W" : 16, "H" : 16},
    "MMImageEditLineWidthButton2Frame" : {"X" : 27, "Y" : 12, "W" : 16, "H" : 16},
    "MMImageEditLineWidthButton3Frame" : {"X" : 59, "Y" : 12, "W" : 16, "H" : 16},
    "MMImageEditLineWidthButton1Value" : 3,
    "MMImageEditLineWidthButton2Value" : 6,
    "MMImageEditLineWidthButton3Value" : 9,

    "MMImageEditLineColorViewSize" : {"W" : 121, "H" : 38},
    "MMImageEditLineColorViewMargin" : {"L" : 20},
    "MMImageEditLineColorButton1Frame" : {"X" : 0, "Y" : 11, "W" : 16, "H" : 16},
    "MMImageEditLineColorButton2Frame" : {"X" : 21, "Y" : 11, "W" : 16, "H" : 16},
    "MMImageEditLineColorButton3Frame" : {"X" : 42, "Y" : 11, "W" : 16, "H" : 16},
    "MMImageEditLineColorButton4Frame" : {"X" : 63, "Y" : 11, "W" : 16, "H" : 16},
    "MMImageEditLineColorButton5Frame" : {"X" : 84, "Y" : 11, "W" : 16, "H" : 16},
    "MMImageEditLineColorButton6Frame" : {"X" : 105, "Y" : 11, "W" : 16, "H" : 16},
    
    "MMImageEditFontSizeViewSize" : {"W" : 80, "H" : 38},
    "MMImageEditFontSizeViewMargin" : {"L" : 10},

    "MMImageEditPalletViewSize_WidthColor" : {"W" : 239, "H" : 44},
    "MMImageEditPalletViewSize_Width" : {"W" : 98, "H" : 44},
    "MMImageEditPalletViewSize_FontColor" : {"W" : 241, "H" : 44},
    "MMImageEditPalletViewSize_Logo" : {"W" : 56, "H" : 44},

    "MMImageEditPalletViewArrowSize" : {"W" : 12, "H" : 6},
    
    "Photo_Edit_Forward" : "Photo_Edit_Forward",
    "Photo_Edit_Download" : "Photo_Edit_Download",
    "Photo_Edit_Collection" : "Photo_Edit_Collection",
    
    "Photo_Edit_ForwardClick" : "Photo_Edit_ForwardClick",
    "Photo_Edit_DownloadClick" : "Photo_Edit_DownloadClick",
    "Photo_Edit_CollectionClick" : "Photo_Edit_CollectionClick",
    
    "MMImageEditTailorView_BackgroundColor" : {"Hex" : "#000000", "A" : 0.5},
    "MMImageEditTailorView_Tips_BackgroundColor" : {"Hex" : "#ffffff", "A" : 0.15},
    "MMImageEditTailorView_SelectRect_BorderColor" : {"Hex" : "#000000"},
    "MMImageEditTailorView_SelectRect_BorderWidth" : 1,
    "MMImageEditTailorView_SelectRect_FillColor" : {"Hex" : "#d3d3d3", "A" : 0.1},
    
    "MMImageEditTailorView_ControlPoint_Size" : {"W" : 8, "H" : 8},
    "MMImageEditTailorView_ControlPoint_FillColor" : {"Hex" : "#ffffff"},
    "MMImageEditTailorView_ControlPoint_StrokeColor" : {"Hex" : "#000000"},
    "MMImageEditTailorView_ControlPoint_StrokeWidth" : 1,
    
    "MMImageEditTailorToolbarFunctionButtonTypeCancel_frame" : {"X" : 18, "Y" : 8, "W" : 30, "H" : 30},
    "MMImageEditTailorToolbarFunctionButtonTypeCancel_hover" : "Photo_Edit_Close",
    "MMImageEditTailorToolbarFunctionButtonTypeCancel_selected" : "Photo_Edit_CloseClick",
    "MMImageEditTailorToolbarFunctionButtonTypeCancel_pressed" : "Photo_Edit_CloseClick",
    "MMImageEditTailorToolbarFunctionButtonTypeCancel_normal" : "Photo_Edit_Close",
    "MMImageEditTailorToolbarFunctionButtonTypeCancel_disabled" : "Photo_Edit_Close",
    
    "MMImageEditTailorToolbarFunctionButtonTypeOK_frame" : {"X" : 56, "Y" : 8, "W" : 30, "H" : 30},
    "MMImageEditTailorToolbarFunctionButtonTypeOK_hover" : "Photo_Edit_Okay",
    "MMImageEditTailorToolbarFunctionButtonTypeOK_selected" : "Photo_Edit_OkayClick",
    "MMImageEditTailorToolbarFunctionButtonTypeOK_pressed" : "Photo_Edit_OkayClick",
    "MMImageEditTailorToolbarFunctionButtonTypeOK_normal" : "Photo_Edit_Okay",
    "MMImageEditTailorToolbarFunctionButtonTypeOK_disabled" : "Photo_Edit_Okay",
    
    "MMImageTailorEditToolBarSize" : {"W" : 102, "H" : 46},
}
